stem,ok,showcase_fallback,frames,error
ll01,yes,N,144,
wl01,yes,N,302,
dd01,yes,N,334,
ph01,yes,N,126,
bn01,yes,N,16,
dl01,yes,N,443,
fw01,yes,N,147,
gp02,yes,N,504,
hd01,yes,N,93,
kn01,yes,N,443,
lo02,yes,N,504,
mc01,yes,N,444,
ng01,yes,N,504,
ob01,yes,N,467,
pu01,yes,N,504,
qr01,yes,N,174,
rs02,yes,N,44,
sk02,yes,N,208,
sp01,yes,N,214,
sq02,yes,N,104,
sv02,yes,N,69,
tb02,yes,N,20,
tc01,yes,N,79,
tt02,yes,N,174,
zm01,yes,N,504,
as01,yes,N,502,
bp01,yes,N,505,
bn02,yes,N,69,
ck02,yes,N,97,
cr01,yes,N,91,
dm01,yes,N,504,
ex02,yes,N,502,
fl01,yes,N,502,
ff02,yes,N,214,
gp03,yes,N,504,
lw02,yes,N,223,
ml02,yes,N,359,
mm02,yes,N,177,
ms02,yes,N,83,
mx01,yes,N,73,
nw02,yes,N,52,
ph02,yes,N,72,
pt02,yes,N,37,
rp02,yes,N,57,
rz01,yes,N,21,
sg01,yes,N,439,
sk03,yes,N,162,
st01,yes,N,16,
sy02,yes,N,76,
tb03,yes,N,20,
tg01,yes,N,51,
tt03,yes,N,398,
ul02,yes,N,74,
wm02,yes,N,504,
zq02,yes,N,148,
ju01,yes,N,63,
co01,yes,N,59,
em01,yes,N,443,
nu01,yes,N,24,
gl01,yes,N,58,
or01,yes,N,397,
ex03,yes,N,502,
zq03,yes,N,70,
nw03,yes,N,52,
rs03,yes,N,49,
sv03,yes,N,46,
sq03,yes,N,124,
dr01,yes,N,73,
vi01,yes,N,313,
wa01,yes,N,68,
fi01,yes,N,21,
ul03,yes,N,74,
wm03,yes,N,504,
ms03,yes,N,83,
lo03,yes,N,504,
pt03,yes,N,37,
sy03,yes,N,138,
mm03,yes,N,235,
ff03,yes,N,254,
lw03,yes,N,139,
rp03,yes,N,30,
ml03,yes,N,365,
ck03,yes,N,86,
ph03,yes,N,252,
bn03,yes,N,112,
bi01,yes,N,106,
rk01,yes,N,116,
sn01,yes,N,145,
tr01,yes,N,162,
vp01,yes,N,168,
bt01,yes,N,161,
dg01,yes,N,159,
mb01,yes,N,151,
op01,yes,N,131,
kb01,yes,N,168,
eb01,yes,N,120,
fg01,yes,N,161,
jw01,yes,N,165,
pd01,yes,N,276,
rh01,yes,N,19,
av01,yes,N,56,
pw01,yes,N,505,
es01,yes,N,25,
wg01,yes,N,61,
hs01,yes,N,42,
tm01,yes,N,47,
cy01,yes,N,494,
in01,yes,N,52,
rc01,yes,N,63,
bl01,yes,N,50,
sw01,yes,N,60,
tw01,yes,N,126,
pm01,yes,N,125,
hz01,yes,N,129,
cq01,yes,N,127,
lf01,yes,N,139,
sb01,yes,N,105,
wp01,yes,N,470,
dv01,yes,N,123,
ox01,yes,N,123,
sl01,yes,N,103,
ci01,yes,N,160,
rv01,yes,N,78,
pk01,yes,N,325,
kv01,yes,N,190,
wr01,yes,N,265,
dp01,yes,N,327,
df01,yes,N,475,
rn01,yes,N,188,
sc01,yes,N,356,
au01,yes,N,98,
cf01,yes,N,72,
ep01,yes,N,57,
tf01,yes,N,320,
ec01,yes,N,197,
tk01,yes,N,503,
hn01,yes,N,504,
fb01,yes,N,79,
lp01,yes,N,39,
rb01,yes,N,110,
at01,yes,N,502,
wb01,yes,N,69,
lk01,yes,N,420,
dn01,yes,N,399,
qt01,yes,N,56,
vt01,yes,N,74,
fc01,yes,N,351,
pj01,yes,N,75,
gc01,yes,N,64,
sr01,yes,N,74,
cs01,yes,N,439,
ct01,yes,N,289,
cz01,yes,N,50,
eg01,yes,N,504,
ff04,yes,N,504,
gp04,yes,N,504,
lo04,yes,N,504,
lo05,yes,N,504,
qr04,yes,N,258,
sq04,yes,N,305,
sq05,yes,N,365,
pt04,yes,N,502,
pt05,yes,N,504,
sy04,yes,N,76,
dm04,yes,N,504,
pk02,yes,N,504,
fl04,yes,N,503,
lw04,yes,N,503,
sf04,yes,N,56,
sp04,yes,N,139,
ll04,yes,N,504,
ab01,yes,N,38,
df04,yes,N,98,
ih01,yes,N,77,
tc04,yes,N,56,
zm04,yes,N,39,
pu04,yes,N,504,
pd04,yes,N,504,
ck04,yes,N,504,
rp04,yes,N,39,
ph04,yes,N,68,
ml04,yes,N,504,
pj04,yes,N,504,
wm04,yes,N,510,
sg04,yes,N,64,
ng04,yes,N,504,
bn04,yes,N,114,
sk04,yes,N,503,
pb04,yes,N,504,
rr01,yes,N,504,
hn04,yes,N,504,
kv04,yes,N,504,
rs04,yes,N,456,
ms04,yes,N,289,
cw01,yes,N,64,
cx01,yes,N,320,
cu01,yes,N,504,
cv01,yes,N,504,
mm04,yes,N,86,
mm05,yes,N,52,
fe02,yes,N,126,
